{
    "accuracy": 0.85,
    "precision": 0.9090909090909091,
    "recall": 0.8333333333333334,
    "f1_score": 0.8695652173913043
}
